id,fuse,thr,stage,dice,cldice,betti0_err,n_pred,n_gt,hd95
931,mean,0.3,raw,0.5581257589734603,0.5169025327799809,32,34,2,101.80962371826172
931,mean,0.3,pp,0.5702353030253426,0.5451551433165549,11,13,2,102.06370544433594
931,mean,0.35,raw,0.584899073257825,0.5423027503803242,33,35,2,100.90093994140625
931,mean,0.35,pp,0.5954250266615712,0.5695561809887446,10,12,2,100.82460021972656
931,mean,0.4,raw,0.6077656515444235,0.5584166491218311,30,32,2,100.46890258789062
931,mean,0.4,pp,0.6211459801391891,0.5965657022280713,8,10,2,100.76705932617188
931,mean,0.45,raw,0.6254855014697972,0.6005002143484386,35,37,2,100.1493911743164
931,mean,0.45,pp,0.644446880830968,0.6509997628003108,7,9,2,99.5740966796875
931,mean,0.5,raw,0.6381298431715893,0.6219332482944321,28,30,2,99.8298568725586
931,mean,0.5,pp,0.6545226130719026,0.6719861666967424,6,8,2,98.70992279052734
931,max,0.3,raw,0.4780762772909802,0.47612665274732413,42,44,2,101.8292465209961
931,max,0.3,pp,0.48981849016885437,0.49550860109945255,14,16,2,101.73003387451172
931,max,0.35,raw,0.49685242194512974,0.46824800145616174,43,45,2,101.88719177246094
931,max,0.35,pp,0.5126144112905773,0.49718626655740844,13,15,2,101.98529052734375
931,max,0.4,raw,0.5134929385268876,0.46458319144259147,41,43,2,102.068603515625
931,max,0.4,pp,0.5287042542903846,0.4993136046245533,12,14,2,102.1469497680664
931,max,0.45,raw,0.5287437996265596,0.5272545000714977,42,44,2,102.14205932617188
931,max,0.45,pp,0.5450166206610934,0.5672577204024931,11,13,2,102.31324768066406
931,max,0.5,raw,0.5445448860147742,0.5213222735518616,37,39,2,102.09799194335938
931,max,0.5,pp,0.5590858010251305,0.5515115737580278,12,14,2,102.2007827758789
728,mean,0.3,raw,0.6970841220520299,0.7647968459747765,34,36,2,90.87490844726562
728,mean,0.3,pp,0.7086893019376493,0.7967252083856537,3,5,2,85.61278533935547
728,mean,0.35,raw,0.6969262062374479,0.760152495161089,32,34,2,86.90799713134766
728,mean,0.35,pp,0.7051897397318319,0.8045411018828864,3,5,2,84.72307586669922
728,mean,0.4,raw,0.7007492572051335,0.7588651527682508,29,31,2,84.97381591796875
728,mean,0.4,pp,0.7013547666341116,0.7783818001627006,4,6,2,84.12401580810547
728,mean,0.45,raw,0.7016442882360586,0.7504072413730344,26,28,2,84.11896514892578
728,mean,0.45,pp,0.7057994676958043,0.7786044625374421,4,6,2,79.97434997558594
728,mean,0.5,raw,0.7002388806768259,0.763753138066164,23,25,2,83.04276275634766
728,mean,0.5,pp,0.7020741744085438,0.7811174842705724,4,6,2,79.6489028930664
728,max,0.3,raw,0.6559369438117134,0.7121827586924313,44,46,2,97.02577209472656
728,max,0.3,pp,0.6735423901435761,0.7597706008223729,7,9,2,92.9712142944336
728,max,0.35,raw,0.6675688890470124,0.704858713222342,42,44,2,96.50906372070312
728,max,0.35,pp,0.6839939160804868,0.7574114096570262,7,9,2,92.09993743896484
728,max,0.4,raw,0.6773201882170977,0.7364660428989042,39,41,2,96.02942657470703
728,max,0.4,pp,0.6923175580379604,0.7856050457184925,7,9,2,89.94442749023438
728,max,0.45,raw,0.6847103339362559,0.7054625707839479,40,42,2,95.57508850097656
728,max,0.45,pp,0.6985871124431743,0.7551993472754729,7,9,2,88.89263916015625
728,max,0.5,raw,0.6905471327490995,0.7100550163811583,37,39,2,94.8145523071289
728,max,0.5,pp,0.705485702213055,0.7574916617098992,7,9,2,87.75505065917969
630,mean,0.3,raw,0.6191672600784753,0.6260893622732814,24,26,2,113.88744354248047
630,mean,0.3,pp,0.6255180942336892,0.6453116243383991,4,6,2,113.77345275878906
630,mean,0.35,raw,0.6474132379299119,0.6437711740736518,22,24,2,109.59471130371094
630,mean,0.35,pp,0.6540036166415335,0.6708163724485987,4,6,2,107.73741912841797
630,mean,0.4,raw,0.6631619937745153,0.674222272253187,22,24,2,109.48516082763672
630,mean,0.4,pp,0.6652072121428867,0.6795912244461091,5,7,2,106.01956939697266
630,mean,0.45,raw,0.6733386088275484,0.6953842993789329,15,17,2,109.01834869384766
630,mean,0.45,pp,0.6762470159618632,0.7076034560383911,6,8,2,105.9865493774414
630,mean,0.5,raw,0.6791782094240232,0.694237807852671,18,20,2,108.4612808227539
630,mean,0.5,pp,0.6853058240648964,0.7153966379562628,6,8,2,106.00401306152344
630,max,0.3,raw,0.5500881773280533,0.5416051618836736,47,49,2,121.0826187133789
630,max,0.3,pp,0.5709835122750794,0.6106545327614301,4,6,2,118.25904846191406
630,max,0.35,raw,0.5637987866100918,0.5537450486753156,40,42,2,120.7518081665039
630,max,0.35,pp,0.5821450177218646,0.6114813645252986,4,6,2,118.11858367919922
630,max,0.4,raw,0.5757713975816299,0.5737669128491317,41,43,2,120.45330810546875
630,max,0.4,pp,0.5916353085814534,0.6177674988091246,4,6,2,117.63118743896484
630,max,0.45,raw,0.5870493720497909,0.5753449613322785,36,38,2,119.88911437988281
630,max,0.45,pp,0.6022927344627165,0.6234642560824201,4,6,2,114.6610107421875
630,max,0.5,raw,0.596224641659536,0.5933539847183382,33,35,2,119.43617248535156
630,max,0.5,pp,0.6096265250058781,0.6333130684247565,4,6,2,114.57791137695312
936,mean,0.3,raw,0.8120212440011914,0.8880416416094983,21,23,2,9.354028701782227
936,mean,0.3,pp,0.8160257452706247,0.9044884001123421,7,9,2,9.899495124816895
936,mean,0.35,raw,0.8260013943201284,0.8844802096288318,25,27,2,8.246211051940918
936,mean,0.35,pp,0.8259898659268554,0.8923842028474505,3,5,2,13.978557586669922
936,mean,0.4,raw,0.8313556405022613,0.883475417086332,22,24,2,9.0
936,mean,0.4,pp,0.8282721269868552,0.885855187934977,3,5,2,16.031219482421875
936,mean,0.45,raw,0.8326735969827913,0.8893386130282861,16,18,2,11.87434196472168
936,mean,0.45,pp,0.8269893615055336,0.8787334975086972,3,5,2,17.291616439819336
936,mean,0.5,raw,0.8300984131484663,0.8888063051342208,9,11,2,13.152946472167969
936,mean,0.5,pp,0.8257195369211425,0.8746912277718765,3,5,2,18.17691421508789
936,max,0.3,raw,0.7696371989264742,0.8202083770410079,25,27,2,16.278820037841797
936,max,0.3,pp,0.7746605345573506,0.8382024561634553,3,5,2,15.588457107543945
936,max,0.35,raw,0.7817846759990008,0.8310148748431366,24,26,2,15.598031997680664
936,max,0.35,pp,0.7850783689064676,0.8522141127296927,4,6,2,14.866068840026855
936,max,0.4,raw,0.7902696556222363,0.8547219103591953,19,21,2,15.018274307250977
936,max,0.4,pp,0.7962583752453495,0.8732050841970815,4,6,2,14.288115501403809
936,max,0.45,raw,0.7968568681426605,0.864639292485725,24,26,2,14.456831932067871
936,max,0.45,pp,0.8022315761358135,0.8807377698930612,8,10,2,13.784049034118652
936,max,0.5,raw,0.8030145398275942,0.8710743421655466,25,27,2,14.0
936,max,0.5,pp,0.8074696990347314,0.8893258520416135,10,12,2,12.806248664855957
761,mean,0.3,raw,0.7569831357756647,0.8258906199382708,19,22,3,42.3851318359375
761,mean,0.3,pp,0.7654087574698221,0.8480746102680681,2,5,3,43.32435989379883
761,mean,0.35,raw,0.7721896246641505,0.8701619810298754,19,22,3,42.09035110473633
761,mean,0.35,pp,0.7791621962410885,0.890049893108172,0,3,3,42.90339279174805
761,mean,0.4,raw,0.7796239196093843,0.8733452028276434,16,19,3,41.21042251586914
761,mean,0.4,pp,0.7833626357764074,0.8899545033697109,1,4,3,41.821632385253906
761,mean,0.45,raw,0.78486036176565,0.8837694940742579,15,18,3,40.37325668334961
761,mean,0.45,pp,0.7869391783543452,0.890073395608416,4,7,3,40.90895462036133
761,mean,0.5,raw,0.7881257667183009,0.8807786960940172,14,17,3,39.509490966796875
761,mean,0.5,pp,0.7892593278262066,0.8898237089379777,4,7,3,39.76179122924805
761,max,0.3,raw,0.7083347378517751,0.7901341910089873,33,36,3,44.59150314331055
761,max,0.3,pp,0.7163598917043478,0.8087714286465357,6,9,3,44.39594650268555
761,max,0.35,raw,0.7235068982123665,0.8001093418661634,31,34,3,44.48595428466797
761,max,0.35,pp,0.7300057679070241,0.8204467968520843,6,9,3,44.45222091674805
761,max,0.4,raw,0.7356098822939707,0.8128115821754891,22,25,3,44.45558166503906
761,max,0.4,pp,0.7438052582615183,0.8289248396174302,4,7,3,44.7208137512207
761,max,0.45,raw,0.7460460445697088,0.8232461876726749,22,25,3,44.42802429199219
761,max,0.45,pp,0.753123974831103,0.8402569287892743,4,7,3,44.732540130615234
761,max,0.5,raw,0.7542178349854602,0.826042610406301,24,27,3,44.48595428466797
761,max,0.5,pp,0.7627629008178158,0.8472757017809975,3,6,3,44.87761306762695
